1,-0.918452587444,0.0
2,-1.99908630827,2.414
3,-0.268403845666,0.0
4,-2.8160758017,2.199
5,-0.351250292435,0.0
6,-0.368968012,1.195
7,-3.4365846466,0.0
8,-0.289455923628,0.0
9,-0.52036926816,0.0
10,-2.122602496,1.708
11,-0.72264872575,0.0
12,-1.69913061706,4.246
13,-1.99917699564,1.184
14,-0.13225844947,0.0
15,-0.4336410568,0.0
16,-1.60361167575,0.69
17,-0.171722134873,0.0
18,-0.29487384577,0.0
19,-0.06504615852,0.0
20,-0.896191517387,1.422
21,-0.325783553667,0.0
22,-2.69704216075,4.435
23,-0.54930631,2.035
24,-4.236913576,3.6
25,-0.98434654325,2.331
26,-0.36859489828,1.111
27,-1.558786208,0.0
28,-2.48042546299,4.723
29,-1.618898974,0.767
30,-2.639779569,
31,-3.80126876033,3.344
32,-0.698161410497,0.0
33,-0.2710256605,2.953
34,-0.174540525362,0.0
35,-1.39560077685,5.998
36,-0.59061829022,0.0
37,-3.66339633128,3.553
38,-0.518201062876,0.0
39,-1.48377480388,2.847
40,-0.456718831333,0.0
41,-0.684047002135,0.0
42,-0.273193865784,0.281000000000001
43,-3.9005930145,5.632
44,-0.280522441101,0.0
45,-0.359922595357,0.0
46,-0.04293917061,0.0
47,-0.4336410568,0.0
48,-0.56156724141,0.0
49,-0.285017425,0.0
50,-0.404731653013,0.759
51,-0.31971700096,0.0
52,-2.68434593,0.0
53,-2.1268814589,6.592
54,-2.05112219866,0.0
55,-2.34166170672,0.0
56,-2.49248256376,2.69
57,-0.18007919125,0.0
58,-3.74841098333,0.0
59,-0.9187925355,2.453
60,-0.2168205284,0.0
61,-3.7219129997,3.937
62,-1.4546252945,2.756
63,-0.08347383058,0.0
64,-0.802194498,0.0
65,-0.6503579425,0.0
66,-0.49528921537,0.0
67,-1.89284217651,0.0
68,-0.333038542667,0.186
69,-0.1921535658,0.908
70,-1.21939782258,3.517
71,-0.212150228888,0.0
72,-0.328121732979,0.855
73,-1.06409367846,1.227
74,-0.404152635796,0.355
75,-0.107546575033,0.0
76,-0.134428727608,0.0
77,-0.777127935212,0.0
78,-1.074774799,0.0
79,-2.821154294,0.0
80,-1.99557109337,0.622999999999999
81,-2.36550989199,0.0
82,-1.8039011935,3.926
83,-2.6278606585,2.821
84,-1.28358029193,2.479
85,-2.03588810367,0.0
86,-0.59412141348,1.754
87,0.156110780448,1.761
88,-3.4922407765,4.177
89,-1.53508934107,0.0
90,-0.359294693333,1.852
91,-0.807376633,0.0
92,-0.744154586,0.0
93,-3.42806867142,0.795
94,-5.65988638992,2.64
95,-1.35946574949,4.138
96,-0.88607253511,0.0
97,-0.3794359247,0.0
98,-2.81735060691,0.0
99,-1.1760337169,3.103
100,-1.23587701188,0.0
101,-1.20172803776,0.0
102,-0.511108792915,0.0
103,-2.9939858993,6.284
104,-1.8197585266,5.432
105,-1.22298386,0.0
106,-1.1478429025,2.679
107,-0.91064621928,0.925
108,-0.52165443764,0.0
109,-3.407179732,6.547
110,-2.58510804475,2.239
111,-0.46040160194,0.0
112,-2.232463758,1.191
113,-0.124310436283,0.0
114,-0.722735094667,0.0
115,-2.15375058211,0.0
116,-0.47700516248,0.0
117,-2.36236260867,4.676
118,-2.640815996,2.765
119,-0.95661175673,1.783
120,-0.56828328837,1.581
121,-1.37030603561,1.92
122,-1.5883243775,0.0
123,-2.0344913949,0.0
124,-3.59812906833,0.746
125,-0.117382148134,0.0
126,-2.72634115479,1.694
127,-3.017038997,0.525
128,-1.21831475637,0.0
129,-3.140817993,4.932
130,-0.721353192,2.967
131,-2.1286878031,2.861
132,-0.71033597299,0.0
133,-1.26832754125,1.319
134,-1.63851335497,0.654
135,-0.17345642272,0.0
136,-3.75186574,4.003
137,-0.538437645527,0.0
138,-0.42104846875,0.0
139,-0.1084102642,0.0
140,-2.50014236895,5.168
141,-1.1002709032,2.051
142,-0.256934399008,0.287
143,-0.709952495,0.548999999999999
144,-0.305745965,0.179
145,-0.804267352,2.555
146,-2.0529842138,0.814
147,-0.798667191443,0.0
148,-0.732408413333,1.867
149,-0.41132678349,0.0
150,-0.52187208731,0.874
151,-0.23850258124,0.0
152,-2.51679023167,4.257
153,-0.80841306,2.376
154,-0.39027695112,1.687
155,-2.48477154688,1.572
156,-1.79899543903,2.123
157,-0.28372485247,0.760000000000001
158,-3.31893133797,1.73
159,-2.41288756123,7.829
160,-0.69382569088,1.235
161,-1.12210496533,0.0
162,-0.380303068623,0.0
163,-0.2477948896,0.223000000000001
164,-1.70192474922,2.338
165,-1.81060428512,1.679
166,-0.35238518,0.0
167,-1.9163831352,5.427
168,-3.25094761556,2.677
169,-1.657542895,2.994
170,-1.99626722683,0.423
171,-2.37201606248,4.529
172,-2.576557522,2.176
173,-0.481340882097,0.0
174,-1.43318421094,0.0
175,-0.903056982572,0.0
176,-1.26754676624,2.664
177,-3.44744640156,7.113
178,-0.1626153963,0.217000000000001
179,-0.9694738158,3.119
180,-0.95401032496,0.0
181,-0.24874248,0.0
182,-3.45467375251,4.89
183,-2.4270011059,3.4
184,-2.32505123667,0.0
185,-4.1759716684,6.597
186,-3.05745965,2.163
187,-2.8824811602,0.0
188,-2.66534476833,4.361
189,-1.55026677806,0.417000000000001
190,-0.158060299635,0.264
191,-1.742381848,1.324
192,-0.68840517767,0.0
193,-1.43900633961,0.878
194,-1.47430943498,2.597
195,-1.49476093007,2.022
196,-0.72634877014,0.0
197,-0.312221560896,0.0
198,-3.45610402177,5.038
199,-2.09769776485,6.606
200,-2.65002868044,6.497
201,-1.41927516128,3.491
202,-2.47536769923,3.821
203,-0.457683572132,1.447
204,-3.45395343574,4.377
205,-0.3252307926,0.0
206,-2.00342030051,1.906
207,-0.424960980675,0.0
208,-2.85913934355,2.11
209,-1.01915321667,0.0
210,-3.41200405292,2.451
211,-2.77731952853,0.0
212,-3.64753208867,0.0
213,-0.29360940483,0.0
214,-2.09358254,3.258
215,-0.896770534604,0.0
216,-2.2871426853,5.291
217,-2.47211159108,4.471
218,-3.209814419,
219,-0.250066342755,0.170999999999999
220,-1.32983257419,1.627
221,-3.7305153438,3.967
222,-3.38221368618,5.002
223,-1.46871448314,0.0
224,-1.787836575,1.381
225,-2.17470886342,0.0
226,-2.1118236552,0.0
227,-0.2800425754,2.377
228,-1.995121975,3.522
229,-1.02951748667,0.295
230,-2.0554575728,0.0
231,-2.05559749045,1.706
232,-0.306338209,1.472
233,-2.9820077644,4.619
234,-0.234869386392,0.0
235,-1.9513847556,0.0
236,-0.40862170902,0.176
237,-2.54306941404,2.546
238,-2.41971156933,3.61
239,-2.68327495543,5.195
240,-0.50784923,0.0
241,-1.60447191016,3.192
242,-0.920475692948,0.0
243,-0.629645985332,0.0
244,-0.2996310457,3.656
245,-0.301380016262,0.0
246,-3.3606145475,0.0
247,-0.446650288504,0.0
248,-0.95429016025,2.276
249,-2.7015506182,3.198
250,-3.37322440933,4.221
251,-0.838372709813,1.157
252,-1.94820637947,2.74
253,-0.153942575164,3.426
254,-0.52615253082,0.996
255,-1.86465654424,0.0
256,-0.915180011612,0.0
257,-0.23715522614,0.0
258,-1.18239392392,2.315
259,-1.11445613407,0.0
260,-3.1659735569,5.756
261,-0.67214363804,0.0
262,-0.448819530215,0.402
263,-1.85244052467,2.139
264,-2.94659305381,6.735
265,-1.09870589843,0.651
266,-0.960515631763,1.474
267,-1.43968830858,2.004
268,-0.379803856285,0.0
269,-2.742830025,3.395
270,-2.33541550667,4.418
271,-2.6889062088,6.445
272,-0.478483798333,0.0
273,-0.551915514973,0.0
274,-3.28823739533,5.616
275,-0.518527019167,0.0
276,-0.26018463408,0.0
277,-0.52165443764,0.0
278,-1.084102642,1.802
279,-0.340408229588,0.0
280,-3.40483543283,6.23
281,-3.813014933,4.256
282,-2.40451064,2.983
283,-1.58712730432,0.0
284,-2.92297090833,5.478
285,-0.49326670211,0.0
286,-0.746730107095,0.0
287,-0.218409716467,0.688
288,-0.52036926816,0.816
289,-2.5305401632,0.0
290,-3.14890705897,0.0
291,-0.397297016667,0.0
292,-0.0643234234253,0.0
293,-1.500746296,2.116
294,-0.58541542668,0.0
295,-0.735859715243,0.195
296,-2.76229214991,5.654
297,-0.988701609504,0.0
298,-4.3765202929,5.913
299,-0.1036427,0.753
300,-2.79698481636,0.0
301,-2.36650831667,3.3629999999999995
302,-2.88660465905,6.709
303,-3.5068543972,8.937
304,-0.519887905398,0.0
305,-1.59532025975,0.715
306,-0.732062937667,0.615
307,-1.276878064,1.009
308,-0.149663513557,0.678
309,-2.03863463522,3.095
310,-0.039027695112,0.0
311,-1.60983023775,0.643
312,-3.228618166,0.982
313,-1.45467711585,0.0
314,-0.418029011423,0.935
315,-3.51682482494,3.006
316,-0.7588718494,0.0
317,-0.61149193,0.734
318,-0.422227268091,0.0
319,-1.85511727013,3.624
320,-0.93811153478,0.0
321,-3.0633672839,0.0
322,-0.381605511887,0.644
323,-1.446852092,3.881
324,-1.5261387575,0.601
325,-1.24198502167,1.951
326,-1.19370479725,0.343
327,-2.36045262177,5.115
328,-3.1098288257,2.94
329,-0.199032850013,0.0
330,-0.902797012133,0.0
331,-0.253681054655,0.0
332,-0.4741653525,0.525
333,-1.61892661205,0.0
334,-2.55956530134,4.631
335,-3.54803509667,9.398
336,-2.3837821,0.0
337,-0.32900338688,5.569
338,-1.98907615083,4.078
339,-3.4245324812,5.539
340,-3.133118821,4.647
341,-0.375706860354,0.0
342,-1.56761311128,2.336
343,-2.7975977889,3.323
344,-1.87911124613,0.0
345,-0.215519812515,0.366
346,-1.47103538867,3.276
347,-0.391143404092,2.988
348,-2.39369034212,0.0
349,-0.32169657653,0.0
350,-1.72737833333,1.06
351,-0.247175402376,0.0
352,-1.05157956274,0.0
353,-0.459658829257,0.0
354,-0.960422353333,0.4
355,-0.098653340422,0.0
356,-3.441826006,4.629
357,-0.04032737457,0.0
358,-0.073718979656,1.716
359,-1.24166027454,3.977
360,-2.071817573,4.566
361,-0.71550774372,2.848
362,-2.2766155482,3.767
363,-0.55368003194,2.386
364,-0.49461405721,0.472
365,-0.309620129126,0.0
366,-0.041195900396,0.0
367,-1.9497264724,4.876
368,-0.17345642272,0.171
369,-0.394614398115,0.0
370,-1.5719488309,0.0
371,-3.44245773293,4.588
372,-1.366010786,0.464
373,-2.640815996,3.671
374,-3.4041444815,5.209
375,-0.463973820333,0.997
376,-0.370764485467,0.38
377,-0.25866108639,0.0
378,-2.95381695,1.322
379,-2.57318913425,3.751
380,-1.344245819,3.138
381,-2.35033400964,3.095
382,-1.913244242,1.426
383,-1.86790833395,0.0
384,-4.1759716684,5.772
385,-1.6057067389,1.233
386,-2.31455914067,0.0
387,-0.010348723595,0.0
388,-2.53700746768,1.085
389,-2.082626026,3.995
390,-0.367931585,0.0
391,-0.121419495904,0.0
392,-0.31438976618,0.0
393,-2.5476412087,2.495
394,-1.01905648348,0.0
395,-2.83980998,2.111
396,-1.35209364424,3.669
397,-3.9618458502,5.025
398,-3.25952836743,9.051
399,-1.05994204802,1.458
400,-3.9562491444,3.903
401,-2.2816940405,2.912
402,-3.8932343828,4.472
403,-2.46480996286,2.953
404,-1.61242130525,3.462
405,-3.8662872808,4.338
406,-0.562296195067,2.232
407,-0.51543587564,0.0
408,-1.35623876,0.0
409,-2.19133142513,2.349
410,-0.364767027893,0.0
411,-1.663465335,0.348
412,-0.143101548744,
413,-2.1130673676,2.602
414,-1.8163383175,0.0
415,-0.307818819,0.176
416,-2.45998021304,3.787
417,-3.15256219152,
418,-0.3204632284,0.182
419,-0.77435903,1.187
420,-0.306800529473,0.0
421,-1.69047807738,4.994
422,-0.702497130113,2.438
423,-0.228384289915,0.0
424,-3.55918453864,8.01
425,-2.3014009596,0.0
426,-0.865765475423,0.0
427,-3.83575037255,3.197
428,-1.15998982694,0.0
429,-0.569804763206,0.645
430,-1.50784236619,3.501
431,-2.48340864537,4.131
432,-2.52449699654,4.756
433,-3.7510365984,3.917
434,-2.43560345,2.249
435,-0.3080261044,0.0
436,-0.359926913803,0.0
437,-1.74974270061,0.0
438,-2.4110401301,5.191
439,-1.1925129062,0.0
440,-1.71432626265,6.612
441,-0.2921687713,4.09
442,-0.290539508056,0.415999999999999
443,-2.0089952907,1.803
444,-2.07425317645,7.339
445,-2.36334375956,0.0
446,-0.14657150634,0.0
447,-2.52921094557,4.573
448,-0.529041571083,1.793
449,-0.50797952368,1.054
450,-0.568070820835,2.085
451,-0.39162430622,0.0
452,-2.03182444614,6.355
453,-2.69718035102,4.234
454,-0.432196968513,0.0
455,-1.64783601584,0.0
456,-0.176925551174,0.0
457,-0.841263650192,1.131
458,-1.07803125263,0.0
459,-2.58449655282,0.0
460,-3.1709484065,2.536
461,-1.52641600172,0.0
462,-0.0229829760104,0.0
463,-0.8672821136,0.0
464,-1.35295871531,3.464
465,-0.355585666576,0.0
466,-1.37753239948,2.58
467,-0.3794359247,0.0
468,-0.408707214248,0.0
469,-0.57922055444,0.0
470,-2.05285717746,4.186
471,-2.7478789051,5.48
472,-0.003425391235,0.0
473,-1.373265775,0.0
474,-1.3447196142,2.48
475,-1.45992489123,1.162
476,-2.55764272925,2.201
477,-1.22212362559,1.715
478,-3.14323434852,5.633
479,-1.86465654424,0.0
480,-2.62669620228,1.379
481,-1.6401457275,0.646
482,-0.695269779167,0.0
483,-0.1578478321,0.0
484,-2.62275824865,5.195
485,-1.626153963,0.0
486,-3.23090099742,5.222
487,-1.43786972467,3.425
488,-0.779047628333,3.481
489,-3.35638247058,0.0
490,-1.053009832,0.961
491,-0.0722735094667,0.0
492,-0.526097254713,3.747
493,-0.0950653731034,0.0
494,-0.73718979656,0.638
495,-2.6640319608,3.268
496,-0.4709524288,0.0
497,-1.46471521618,4.312
498,-0.02006522672,0.0
499,-3.96927357703,4.743
500,-1.9293088605,1.972
501,-0.741527243555,0.0
502,-0.345475666667,0.0
503,-2.91012684092,3.161
504,-0.58541542668,0.0
505,-3.14901070167,4.65
506,-3.32100823,4.344
507,-1.20263188848,2.209
508,-0.323495813802,0.0
509,-0.908477495783,3.852
510,-2.7644617371,2.461
511,-1.26802132418,5.824
512,-0.989785193932,0.781000000000001
513,-2.92467031959,0.0
514,-3.07018006405,2.13
515,-2.55632416379,0.0
516,-4.2048879817,7.434
517,-1.3633160758,0.0
518,-0.509095015254,0.0
519,-1.853131476,3.693
520,-0.34877101099,0.0
521,-2.95450790133,5.688
522,-3.4187581022,3.257
523,-2.94172530167,2.29
524,-0.345244995222,0.0
525,-0.962683146096,1.234
526,-1.29369581945,2.628
527,-1.87766577594,6.053
528,-4.45241265997,6.233
529,-2.86347506317,5.526
530,-1.59059622548,4.181
531,-0.699588225,0.0
532,-1.8157164613,0.242
533,-0.187911124613,0.0
534,-0.92029535465,0.0
535,-1.163907521,1.911
536,-1.5951796018,1.506
537,-3.13133297755,5.258
538,-0.3290655725,0.0
539,-3.20776040913,0.0
540,0.00216820787507,0.0
541,-0.816909688546,3.206
542,-0.259099840487,1.878
543,-0.052036926816,0.0
544,-0.795008604133,2.872
545,-2.652216693,5.198
546,-3.083370325,4.181
547,-0.65151874074,0.0
548,-0.64253291865,0.0
549,-1.13661494333,3.244
550,-0.71550774372,0.0
551,-0.703944673157,0.0
552,-3.4434250648,6.514
553,-1.97306335368,5.323
554,-0.05962564531,0.0
555,-1.3009231704,2.438
556,-1.00187943333,2.579
557,-3.01564380681,3.549
558,-0.2168205284,0.0
559,-4.39929577623,6.325
560,-1.0615085334,1.545
561,-0.351248565057,1.487
562,-1.522511263,0.0
563,-1.9604016705,3.87
564,-2.50124382667,0.0
565,-0.39027695112,2.331
566,-2.1899850571,2.269
567,-1.09234223665,2.924
568,-2.25493349536,2.964
569,-0.02168205284,0.0
570,-2.668799525,2.481
571,-1.062337675,2.11
572,-2.51874562394,1.576
573,-1.50090176005,3.764
574,-0.92242003,0.0
575,-0.44583388015,0.0
576,-1.620971828,6.485
577,-3.28531413969,5.714
578,-1.43717877333,4.105
579,-0.225493349536,0.0
580,-1.50690267238,0.0
581,-1.0005666258,3.222
582,-1.93028150738,5.944
583,-0.18356158597,0.0
584,-0.553624755833,0.0
585,-3.22302886325,1.206
586,-0.583432396353,0.0
587,-0.304633101509,0.0
588,-0.62218785664,0.185
589,-0.686453240153,0.619
590,-2.57755249192,2.863
591,-0.873063648882,0.707
592,-1.04290466875,0.0
593,-1.715286685,0.0
594,-2.16192194531,2.713
595,-0.108819652865,0.0
596,-1.0098944688,2.169
597,-0.430117205,1.506
598,-3.81304319919,3.406
599,-1.5396123085,0.673
600,-1.39849240818,0.0
601,-0.630147616,1.144
602,-2.46308949404,2.66
603,-1.4136708816,2.726
604,-0.128516948,1.648
605,-1.98347460837,0.0
606,-0.290939865,0.0
607,-2.39369034212,2.618
608,-1.0576737535,2.323
609,-1.7230598875,0.896
610,-0.67327334347,0.0
611,-0.39027695112,1.416
612,-0.6504615852,0.0
613,-2.39694990504,3.849
614,-1.023989876,3.064
615,-3.44387621538,1.999
616,-2.516444756,4.72
617,-1.50256522538,0.0
618,-0.448385267302,0.0
619,-0.20121193778,0.0
620,-1.33005022386,0.0
621,-1.36808364,0.0
622,-0.511696965237,0.759
623,-1.8865044254,1.329
624,-0.15425291102,0.0
625,-1.24695987127,0.522
626,-1.57484046223,1.551
627,-0.11252636,0.0
628,-2.33298123197,2.603
629,-2.59845204237,4.48
630,-0.617216461797,1.365
631,-0.186465654424,0.598
632,-2.4469745348,0.0
633,-2.9004409595,7.051
634,-1.770217316,0.0
635,-0.578188075733,0.0
636,-1.61748114186,2.156
637,-0.431472851516,0.413
638,-3.145111762,5.025
639,-0.463994548873,0.0
640,-1.47364372995,0.0
641,-0.453879021353,0.0
642,-1.375338629,0.0
643,-0.341130964683,0.0
644,-3.31908491761,5.344
645,-2.732909938,2.747
646,0.006504615852,0.0
647,-1.44922758268,3.324
648,-0.4336410568,0.0
649,-0.329568239595,0.0
650,-0.50410772853,0.0
651,-0.396780530545,0.0
652,-2.056123107,2.439
653,-0.896414003716,0.0
654,-1.22864966093,2.611
655,-2.1291764044,1.421
656,-2.03817860734,0.0
657,-1.45009610851,2.81
658,-0.78248165646,0.0
659,-0.435376035598,1.164
660,-0.302103269571,0.0
661,-2.4874248,2.587
662,-1.37959834397,4.16
663,-0.61149193,1.453
664,-1.9513847556,0.668
665,-1.81910212283,2.501
666,-0.546387731568,0.0
667,-0.7197985515,0.0
668,-0.31438976618,0.201000000000001
669,-0.337893857686,0.0
670,-1.3009231704,0.0
671,-0.264521044648,0.914000000000001
672,-1.0192223118,
673,-0.357567315,0.0
674,-0.0295381695,2.844
675,-2.84179646508,4.008
676,-1.07880304527,3.936
677,-3.018667668,0.0
678,-1.84991233374,3.117
679,-1.49881163227,4.807
680,-2.6416451376,7.677
681,-1.64783601584,4.452
682,-1.45488440125,1.752
683,-2.51099487736,0.0
684,-3.14805279186,5.626
685,-3.38899191876,4.027
686,-0.41195900396,0.0
687,-0.210316948975,0.0
688,-1.5946068525,4.306
689,-1.68521958034,1.593
690,-0.726115574065,0.0
691,-1.112530354,1.853
692,-0.900527237003,0.0
693,-0.5249502755,0.0
694,-3.157993069,7.021
695,-2.74575422975,4.71
696,-0.673587726327,0.0
697,-0.45532310964,0.0
698,-1.66393172715,6.298
699,-0.69093405955,0.0
700,-1.06795510934,0.0
701,-0.2976618344,0.0
702,-0.497098027253,1.77
703,-0.289094037867,0.0
704,-2.62990162244,4.088
705,-3.7483418882,4.049
706,-0.0397504302067,0.0
707,-1.580551175,0.629
708,-1.01182913253,0.234
709,-0.660869385134,0.0
710,-0.231814172333,0.0
711,-2.03891101575,3.948
712,-1.94632353708,5.023
713,-1.99071716025,0.0
714,-4.38411212067,6.386
715,-2.16224582875,2.63
716,-2.46356394729,0.0
717,-1.44762941225,0.0
718,-2.29211013185,5.181
719,-0.013473551,0.0
720,-2.65662150775,2.375
721,-1.55809525667,1.198
722,-0.349080705248,3.84
723,-2.28745657462,3.549
724,-1.89139290608,5.067
725,-3.76706666933,0.0
726,-2.98171756484,6.852
727,-0.19513847556,0.0
728,-2.2766155482,0.0
729,-1.752598057,3.725
730,-2.88587916015,3.0
731,-1.5343662605,1.48
732,-0.583971338393,0.599
733,-2.67219094446,6.31
734,-0.606309795,0.0
735,-3.27360114002,5.083
736,-0.773326551293,0.0
737,-0.510250285883,0.0
738,-1.29225173117,3.068
739,-2.61410209007,0.39
740,-0.279457569938,0.0
741,-0.3252307926,0.0
742,-0.391938689077,6.236
743,-1.96230178667,3.962
744,-1.80338298,2.95
745,-0.48264332536,0.0
746,-2.357871425,0.544
747,-0.421019679111,3.285
748,-1.6596009429,0.489
749,-2.64453916068,4.17
750,-1.1821486362,0.222
751,-4.37607981142,7.853
752,-0.964222585667,0.0
753,-0.91065658355,0.435
754,-1.77919968333,0.0
755,-2.9540242354,0.0
756,-2.0467857881,0.0
757,-1.05374914993,0.0
758,-1.17516726393,
759,-1.12530061525,0.0
760,-0.549176756625,0.0
761,-1.415759282,4.53
762,-0.774210969,1.341
763,-1.19672770933,1.251
764,-1.7064770555,3.367
765,-1.40066026799,1.927
766,-1.987274742,0.0
767,-1.91322351346,0.0
768,-2.0309823492,3.656
769,-2.246973736,0.0
770,-3.3868361506,0.0
771,-1.476908475,1.614
772,-1.3291139848,1.003
773,-2.11568952791,6.781
774,-0.308557273237,1.398
775,-0.23850258124,0.0
776,-0.37234676402,0.0
777,-3.34698553245,4.85
778,-1.24958548633,1.942
779,-2.94909544922,5.434
780,-0.807653013533,6.451
781,-1.2138633024,0.0
782,-1.08348374702,1.35
783,-3.26129029333,1.745
784,-1.00171187764,0.0
785,-1.16157901501,0.0
786,-0.22801394,0.0
787,-0.435809780298,1.146
788,-2.34166170672,0.0
789,-1.8517841209,1.071
790,-2.836700699,0.0
791,-0.35775387186,0.899
792,-0.191963554183,0.0
793,-2.095803455,4.137
794,-3.7553895918,3.911
795,-1.04679127,3.476
796,-0.750373148,0.773
797,-4.24244118667,7.857
798,-0.36599346651,0.0
799,-2.65025293658,5.491
800,-0.6804143255,0.274
801,-0.849389928823,3.159
802,-2.99428942435,6.329
803,-0.239948051429,0.0
804,-2.5262908125,4.237
805,-0.52297069993,1.631
806,-1.03348872945,2.083
807,-2.58991447496,6.353
808,-0.203810778483,0.0
809,-1.71666858767,3.561
810,-1.5417888052,0.0
811,-2.49777179622,3.022
812,-1.13143280833,1.362
813,-0.121419495904,0.0
814,-1.57475328043,2.287
815,-1.96389097473,0.742
816,-1.32983257419,2.303
817,-1.6180994446,0.689
818,-3.6274945,0.0
819,-3.2190628026,1.944
820,-2.700928762,0.396
821,-0.801152888865,3.284
822,-3.7614008684,0.0
823,-0.5029780231,0.0
824,-4.34893060616,7.051
825,-2.04176119,2.996
826,-1.01605084518,0.0
827,-0.230501883013,0.0
828,-3.18649135674,0.747
829,-3.2797732415,0.0
830,-0.231177115204,0.0
831,-3.2046026718,3.371
832,-2.6864039779,5.868
833,-1.9988531122,4.36
834,-0.95401032496,0.0
835,-0.0932335181633,0.0
836,-0.511696965237,1.22
837,-0.414723672983,2.836
838,-0.917237895,1.499
839,-0.175126106617,0.0
840,-2.16268458285,1.086
841,-0.0910639309767,0.0
842,-0.312221749337,0.0
843,-0.27567181468,2.529
844,-3.79782091318,0.0
845,-0.60131421686,0.0
846,-0.39027695112,0.0
847,-3.36104207364,5.928
848,-1.442706384,1.806
849,-2.48331363957,6.327
850,-2.68953958086,2.594
851,-0.86719919944,0.0
852,-1.56110780448,0.0
853,-0.342576434872,0.0
854,-1.37363025183,2.996
855,-1.38879663359,0.0
856,-0.332458143547,0.0
857,-0.20236237175,3.838
858,-0.313667722037,1.413
859,-2.65404771403,4.141
860,-2.83238225317,4.546
861,-0.711172024103,2.085
862,-1.27825996667,3.677
863,-2.64015959223,4.143
864,-2.77529239925,0.0
865,-0.4336410568,0.0
866,-1.69085662,0.307
867,-2.05784308228,1.256
868,-3.33982005305,2.251
869,-2.55077121824,0.0
870,-0.742971331842,5.499
871,-1.09835055203,2.246
872,-0.22766155482,0.0
873,-0.150907916908,0.717000000000001
874,-0.446651670407,0.457
875,-0.965573395523,0.0
876,-0.13009231704,0.0
877,-4.10440638405,9.87
878,-0.166229071773,0.0
879,-1.66973571835,5.574
880,-4.314645601,3.616
881,-2.06701546123,5.57
882,-1.132814711,1.276
883,-2.271847984,
884,-2.34166170672,0.0
885,-3.7024281721,3.85
886,-1.227277629,4.321
887,-3.19246463102,1.619
888,-0.19577069603,1.595
889,-0.500306632507,0.331
890,-3.0445043125,5.52
891,-3.47346071926,4.845
892,-2.461514125,2.4
893,-2.37737454249,5.741
894,-3.37069977946,5.026
895,-0.261525079667,0.0
896,-3.8611051458,4.402
897,-2.8124779194,2.177
898,-2.8855756351,3.006
899,-0.490014394184,0.904
900,-2.00920356317,0.0
901,-0.64178669121,2.172
902,-0.568069093457,0.0
903,-1.99339459667,1.077
904,-2.027251212,0.0
905,-1.23334813,0.0
906,-1.55850637271,0.0
907,-3.35445356478,7.974
908,-1.0338359325,2.509
909,-0.36642876585,0.0
910,-2.33887026333,3.402
911,-3.062641785,2.792
912,-0.472610712,3.307
913,-0.419752935,2.197
914,-2.73043644835,0.0
915,-2.04575143395,4.153
916,-0.79568573644,0.0
917,-1.81720200667,4.627
918,-3.09679205465,3.399
919,-2.9294609155,4.221
920,-4.4025346106,6.333
921,-1.63885019375,2.221
922,-3.90914353725,0.0
923,-0.60112766,0.0
924,-0.9482270623,0.0
925,-0.37311372,0.0
926,-0.602760032525,1.627
927,-1.084102642,0.195
928,-1.20638859088,0.824
929,-0.331373349953,6.704
930,-0.66115751184,4.804
931,-1.17910845033,0.0
932,-1.4224960575,0.0
933,-2.6080649028,0.526000000000001
934,-3.12444822439,5.188
935,-3.4276713744,4.974
936,-0.20410356911,0.0
937,-1.5546405,0.0
938,-0.711172024103,0.772
939,-0.181763385125,0.0
940,-1.15043397,3.117
941,-0.5182135,0.0
942,-0.9509217725,0.0
943,-0.530406758824,0.0
944,-1.051973405,2.319
945,-2.3044954345,4.515
946,-0.67214363804,0.0
947,-1.43318310048,0.241
948,-1.4509978,1.371
949,-1.9160425949,4.612
950,-3.2231991334,3.886
951,-0.48953556491,0.339
952,-0.0988701609504,0.0
953,-0.50784923,0.0
954,-3.2902411542,3.687
955,-2.42597619476,3.62
956,-0.588345060333,1.004
957,-0.775252578135,0.0
958,-1.32975916061,1.959
959,-0.426051820092,0.0
960,-0.589201839987,0.372000000000001
961,-0.317146662,0.57
962,-2.68537084114,6.81
963,-2.101873956,4.487
964,-0.27362709227,0.0
965,-2.48620872565,4.403
966,-2.68155554962,0.0
967,-2.1304793412,5.246
968,-3.14074127048,5.886
969,-0.274639335973,0.0
970,-2.9829405487,4.831
971,-1.50907087766,0.287999999999999
972,-1.4509978,0.0
973,-0.114914880052,0.0
974,-1.0254408738,3.414
975,-0.101182913253,0.0
976,-2.1480097636,0.0
977,-1.110013317,0.0
978,-3.3165664,0.0
979,-1.40815881733,1.552
980,-2.776587933,3.743
981,-0.53121029458,0.472
982,-0.117083085336,0.204999999999999
983,-0.50178465144,0.0
984,-0.719449935145,0.0
985,-0.816328771213,0.0
986,-0.398949772256,0.0
987,-0.88896416644,0.0
988,-0.136596932892,0.0
989,-1.95642870033,3.572
990,-2.492606935,4.122
991,-2.5125063334,0.677
992,-0.66108496195,0.0
993,-0.50784923,0.236
994,-1.6660564025,0.776
995,-1.43968830858,3.575
996,-2.18843864221,1.439
997,-0.240670786524,0.0
998,-2.261483714,
999,-2.74061009707,5.932
1000,-3.30109772703,5.243
1001,-2.74639335973,0.0
1002,-2.1334849795,5.886
1003,-2.7207541299,0.0
1004,-1.11522861766,
1005,-2.097580187,3.952
1006,-1.49606164596,0.0
1007,-1.9438188385,1.04
1008,-0.56373337384,0.0
1009,-0.351152983456,2.374
1010,-0.605940136037,2.368
1011,-0.379869151186,0.0
1012,-2.68026931713,3.217
1013,-0.24934360766,2.175
1014,-2.078332257,3.039
1015,-2.2553687947,5.126
1016,-0.468332859557,0.566
1017,-1.74692361917,6.008
1018,-0.45532310964,0.0
1019,-0.277530967303,0.0
1020,-0.15177436988,0.0
1021,-0.508806197597,0.0
1022,-2.26295544034,5.354
1023,-0.843865081962,0.0
1024,-3.84693436209,3.991
1025,-1.95326759798,4.347
1026,-0.73586317,0.0
1027,-1.13613818691,0.0
1028,-2.136372169,5.611
1029,-2.5910675,2.587
1030,-2.3744986753,5.207
1031,-3.37724920085,2.853
1032,-3.85412653733,4.876
1033,-0.111301204579,0.0
1034,-0.475270183682,0.0
1035,-0.543352036885,5.448
1036,-2.37339710146,0.0
1037,-2.226245196,5.897
1038,-0.277530276352,0.0
1039,-1.610607558,
1040,-1.891479275,1.644
1041,-2.6185328155,4.359
1042,-2.43939836732,2.938
1043,-2.23325144252,0.0
1044,-1.37104486,1.794
1045,-0.4878461889,0.0
1046,-1.77461298581,2.907
1047,-0.0459659520208,0.0
1048,-0.39027695112,0.0
1049,-0.375822249227,0.0
1050,-1.82834014216,0.0
1051,-2.67792950466,2.791
1052,-0.006937842338,0.0
1053,-0.290539696497,0.878
1054,-2.6382249285,4.366
1055,-0.34691284544,0.484
1056,-0.8790529631,1.798
1057,-0.750199546477,0.0
1058,-0.354140196387,0.0
1059,-2.005486245,1.382
1060,-0.7588718494,3.131
1061,-1.40656962927,2.535
1062,-1.73123038702,3.369
1063,-2.84960997308,0.0
1064,-0.46151798188,0.0
1065,-3.253936597,3.187
1066,-2.9328959307,0.0
1067,-0.51525228,0.0
1068,-3.46344753891,0.0
1069,-0.752800460034,0.0
1070,-2.242531906,4.604
1071,-0.722040688577,0.379
1072,-0.494642558952,0.0
1073,-1.23680288667,5.333
1074,-1.6225264685,0.669
1075,-3.64258269517,0.0
1076,-0.649449341497,0.0
1077,-2.66428070328,2.796
1078,-1.50581960616,0.0
1079,0.32812242393,2.617
1080,-2.6040228375,4.049
1081,-2.564120398,0.606
1082,-0.306540904509,6.028
1083,-1.8715798766,4.361
1084,-0.013009231704,0.0
1085,-0.7314065339,4.162
1086,-0.43529934,0.0
1087,-0.830421587345,0.0
1088,-0.270303616357,0.326000000000001
1089,-0.35498661177,0.0
1090,-0.424968235664,1.383
1091,-3.71040866,2.612
1092,-2.562195605,2.173
1093,-0.73718979656,0.438
1094,-1.01569846,0.0
1095,-0.335456872333,0.0
1096,-1.46180773361,4.533
1097,-0.144547018933,0.0
1098,-0.564852715,0.0
1099,-1.1925129062,3.355
1100,-2.35597130883,0.0
1101,-0.636368769067,0.0
1102,-1.63047240883,2.5
1103,-2.5222487472,
1104,-3.37266301137,2.943
1105,-0.988405882333,0.0
1106,-1.574332613,3.646
1107,-1.35311302778,0.0
1108,-0.5962564531,0.0
1109,-0.212484117832,1.187
1110,-0.199474195177,0.0
1111,-0.167901174,0.0
1112,-3.8998675156,2.134
1113,-0.44549778168,0.0
1114,-0.3794359247,1.062
1115,-2.65210153444,4.096
1116,-1.86596658797,4.061
1117,-0.19513847556,0.0
1118,-0.793903082,1.0
1119,-2.8410388863,2.903
1120,-0.686443739573,2.507
1121,-2.4236845395,0.0
1122,-2.566193252,0.419
1123,-1.23773517743,2.365
1124,-1.3473551,0.0
1125,-0.302838787265,0.366
1126,-0.078055390224,0.36
1127,-1.07326161558,0.0
1128,-0.364131352667,2.007
1129,-3.3712453273,5.077
1130,-1.46657322496,2.584
1131,-0.485446284602,2.202
1132,-2.11269425388,0.0
1133,-0.546388767995,1.152
1134,-3.9340696066,4.529
1135,-0.317642074106,0.0
1136,-1.51770483279,3.265
1137,-2.68930350582,4.295
1138,-3.7873115434,4.304
1139,-0.315073808,0.0
1140,-2.83408659979,0.0
1141,-1.230238849,0.0
1142,-2.84554487607,0.0
1143,-0.858608016862,3.581
1144,-1.839657925,
1145,-0.49868721532,0.0
1146,-3.66895158,3.317
1147,-0.57240826783,0.0
1148,-2.8869674085,6.315
1149,-0.46905576739,4.474
1150,-0.171721962136,0.0
1151,-1.414722855,0.0
1152,-1.68469550567,3.812
1153,-3.94878687,4.375
1154,-0.26947102,1.911
1155,-0.66130261162,0.0
1156,-0.153942575164,0.0
1157,-2.35900631257,4.434
1158,-3.653405175,0.0
1159,-2.3802582482,3.335
1160,-1.02606273,0.576
1161,-0.472668751912,0.0
1162,-3.913548352,8.745
1163,-1.300715885,4.062
1164,-1.94700215,1.594
1165,-0.526222777539,3.555
1166,-1.38765138176,3.305
1167,-3.37899632065,5.19
1168,-3.3537741293,0.0
1169,-0.295959503053,0.0
1170,-2.06552991587,5.091
1171,-0.0988702991407,0.0
1172,-1.653101065,0.614
1173,-1.48629212561,1.869
1174,-0.979768990667,0.0
1175,-0.613601058945,0.0
1176,-2.93617178033,5.253
1177,-0.3252307926,0.567
1178,-3.46305499218,1.887
1179,-1.7064770555,2.222
1180,-2.18403411536,0.784
1181,-2.53246791742,2.849
1182,-2.59100531438,4.774
1183,-1.084102642,2.458
1184,-0.0450983935267,0.0
1185,-0.810908776216,0.282
1186,-0.608037173333,1.736
1187,-2.47464220033,0.915
1188,-0.6218562,1.485
1189,-2.69652394725,3.517
1190,-2.275993692,1.458
1191,-2.2510306074,1.425
1192,-1.04941135746,1.536
1193,-0.277530967303,0.0
1194,-3.0807792575,3.691
1195,-0.545851553333,0.0
1196,-0.431844583333,0.0
1197,-3.9027695112,0.371
1198,-0.154810064563,0.0
1199,-1.54231738297,4.034
1200,-4.40362285895,5.317
1201,-0.7588718494,0.0
1202,-3.16357382977,5.333
1203,-0.75672644551,0.0
1204,-1.250967389,1.892
1205,-3.39913508433,5.587
1206,-3.20749973203,2.892
1207,-1.54238820548,0.275
1208,-2.27824144306,4.2
1209,-0.89763906043,2.199
1210,-0.150328899691,0.0
1211,-0.386001689745,0.73
1212,-0.401551981346,0.0
1213,-1.86176836767,0.0
1214,-1.16770775333,1.637
1215,-0.9084282655,1.266
1216,-0.63175407785,0.0
1217,-2.25493695012,2.076
1218,-1.684193875,4.575
1219,-2.61846372037,3.369
1220,-0.963985934835,1.467
1221,-2.126007899,5.624
1222,-1.44402610105,2.219
1223,-0.5885128628,2.38
1224,-2.854912202,2.931
1225,-1.46682058553,4.085
1226,-3.4462086116,4.141
1227,-2.77568105938,1.684
1228,-2.1172723,3.39
1229,-0.82391800792,0.0
1230,-0.392445674618,0.0
1231,-1.506964858,0.0
1232,-2.29642611,2.077
1233,-0.784890153358,3.169
1234,-1.3780333392,2.072
1235,-2.0436267586,4.402
1236,-3.4405230692,2.206
1237,-2.12120331955,2.903
1238,-2.48612926625,0.0
1239,-0.627043517135,0.0
1240,-3.00560375243,3.032
1241,-1.14245117893,3.38
1242,-4.3884392034,6.516
1243,-0.318726176748,0.0
1244,-0.282732103465,0.729
1245,-2.59797701333,4.483
1246,-2.51368095067,4.469
1247,-0.150691303665,2.299
1248,-1.2421577595,2.62
1249,-1.82302741736,2.834
1250,-1.75896468,0.639
1251,-2.4426363475,3.255
1252,-0.26479673423,0.505
1253,-3.4421813524,1.881
1254,-3.03982311722,3.902
1255,-1.79657365461,0.0
1256,-1.797756662,1.453
1257,-1.1236941534,0.895
1258,-0.60131421686,0.0
1259,-0.861512669967,0.0
1260,-1.281023772,2.61
1261,-2.5011056364,4.294
1262,-0.845378956333,0.0
1263,-1.66518234906,1.807
1264,-1.95703328275,0.414
1265,-3.50906544147,4.396
1266,-1.56110780448,0.0
1267,-3.18591182131,0.0
1268,-2.39044114347,3.364
1269,-0.568069093457,0.0
1270,-0.671277185068,3.084
1271,-1.036427,1.276
1272,-0.5716931332,0.166
1273,-2.48187300604,0.0
1274,-1.5815283776,1.591
1275,-1.84008976958,3.84
1276,-0.357031827717,0.591
1277,-2.5908898268,1.277
1278,-2.00158306092,2.962
1279,-1.104831182,3.844
1280,-0.296627480254,1.178
1281,-3.67773393511,0.0
1282,-3.2572827756,5.36
1283,-0.65848353018,1.115
1284,-0.091064621928,0.0
1285,-1.02122520698,0.0
1286,-2.47274208417,3.039
1287,-3.45778262706,2.388
1288,-3.4279378842,4.498
1289,-2.84931056083,5.474
1290,-2.27444596101,4.301
1291,-1.010516325,0.0
1292,-4.35159422355,6.017
1293,-3.91491643564,4.468
1294,-2.5290891654,5.583
1295,-3.08048128474,6.673
1296,-4.001644647,5.792
1297,-2.1262299905,2.343
1298,-0.392011238967,5.01
1299,-2.18844324855,3.152
1300,-1.6756359492,1.296
1301,-0.958346044577,3.236
1302,-2.41971847885,3.306
1303,-3.14624689633,2.245
1304,-2.0400881007,2.478
1305,0.02168205284,0.0
1306,-0.589381487333,0.756
1307,-0.611434926515,0.707
1308,-0.16030416409,0.0
1309,-0.841264341143,2.461
1310,-3.36819930873,2.161
1311,-0.49001232133,1.541
1312,-3.3663000899,8.263
1313,-3.65906406642,3.453
1314,-2.4352036853,3.009
1315,-2.61716818662,4.258
1316,-2.0859425924,0.74
1317,-0.062790893368,2.66
1318,-0.492616344167,0.0
1319,-0.815909881967,6.054
1320,-1.2532233451,0.0
1321,-0.82391800792,0.972
1322,-2.168205284,2.068
1323,-0.539882597503,0.0
1324,-1.56110780448,0.0
1325,-2.7429040555,4.459
1326,-1.40644180327,0.0
1327,-3.412065745,5.284
1328,-1.084102642,2.357
1329,-1.338027257,3.374
1330,-2.27115703267,0.726
1331,-1.40644180327,0.0
1332,-0.313377522477,5.104
1333,-0.40937830073,1.367
1334,0.504380654307,3.218
1335,-0.39287838289,2.9
1336,-2.72793964412,4.291
1337,-2.57183141488,
1338,-2.22589972033,5.632
1339,-0.249776834146,1.523
1340,-3.4497472695,3.244
1341,-3.1013745426,4.706
1342,-2.16159806187,3.742
1343,0.17464831377,0.0
1344,-2.58148055025,4.917
1345,-3.19701972768,9.633
1346,-0.183575404997,0.0
1347,-0.02168205284,0.0
1348,-1.477944902,0.0
1349,-1.93284566764,0.647
1350,-1.07022695732,
1351,-2.46324150333,0.424
1352,-3.0667726869,4.16
1353,-2.90885674674,0.416
1354,-0.38051677,0.0
1355,-0.667807918423,0.0
1356,-1.5043737905,0.0
1357,-2.700928762,0.0
1358,-0.66412169306,0.468
1359,-1.55048442773,0.0
1360,-0.58039912,0.0
1361,-3.1805871776,1.81
1362,-3.46166618,1.938
1363,-1.1400697,1.902
1364,-1.18528555525,2.252
1365,-1.3243386474,4.12
1366,-2.52024498833,4.868
1367,-0.757136870602,2.166
1368,-2.20550370066,4.454
1369,-0.051018119075,0.0
1370,-0.649917461025,0.0
1371,-0.3252307926,0.0
1372,-1.55860284015,1.383
1373,-0.27644617371,0.0
1374,-0.505914566267,1.173
1375,-0.397214793458,0.0
1376,-3.4393978056,5.31
1377,-1.428196406,0.637
1378,-2.587069853,4.881
1379,-2.40324619906,4.38
1380,-0.71767387615,0.0
1381,-3.66165513392,3.139
1382,-1.02339289405,2.265
1383,-0.273194383998,0.0
1384,-1.35977445668,3.391
1385,-0.58541542668,2.258
1386,-0.372931308848,0.0
1387,-0.59842258553,0.0
1388,-0.94807159825,2.517
1389,-0.0656403766667,5.016
1390,-0.46905576739,0.0
1391,-1.68989940564,1.656
1392,-0.205256766885,2.591
1393,-0.3425391235,0.0
1394,-0.481342609475,0.0
1395,-0.0303543557625,0.0
1396,-1.30742674983,0.0
1397,-0.3109281,2.124
1398,-0.893395928292,1.909
1399,-0.766099200347,0.0
1400,-2.2651704329,5.631
1401,-3.4008279151,5.188
1402,-2.7380328486,2.301
1403,-3.117572416,4.975
1404,-1.93692659895,1.526
1405,-1.22298386,0.0
1406,-0.26092049725,1.376
1407,-0.752791477667,0.0
1408,-0.81022680725,0.0
1409,-2.16224582875,1.044
1410,-0.39027695112,0.0
1411,-2.10026749415,5.172
1412,-3.3489473407,5.056
1413,-0.982195957225,1.126
1414,-1.8039011935,0.0
1415,-1.5177436988,0.0
1416,-0.0953996505933,0.0
1417,-0.33192166919,2.604
1418,-0.108819652865,0.0
1419,-4.02201043755,0.0
1420,-1.93403911333,0.912
1421,-0.4336410568,0.0
1422,-0.852103640185,1.751
1423,-2.3642972724,
1424,-3.88397563493,7.67
1425,-3.980916107,0.0
1426,-0.91064621928,0.0
1427,-0.138765138176,0.0
1428,-0.463995930776,0.0
1429,-2.9765147013,4.741
1430,-1.185672488,2.387
1431,-0.394613361688,2.548
1432,-1.34212114365,0.0
1433,-3.0056383,1.419
1434,-1.6460291781,0.0
1435,-1.64240859312,5.67
1436,-0.190802064992,0.0
1437,-0.6504615852,0.311
1438,-0.32129237,0.0
1439,-2.36650831667,0.0
1440,-2.22457749074,3.15
1441,-0.473647139,0.0
1442,-2.26252273207,2.855
1443,-0.66346874405,0.0
1444,-2.88472181667,0.843
1445,-3.37766848268,2.556
1446,-0.737248527423,0.0
1447,-2.64521044648,0.0
1448,-1.8655686,0.0
1449,-2.541319004,4.498
1450,-2.04902136113,0.0
1451,-0.1203291747,0.0
1452,-2.0847729105,6.797
1453,-2.30913862746,3.572
1454,-3.1767375916,6.103
1455,-0.255848223512,1.681
1456,-1.56110780448,0.0
1457,-0.207497349321,0.0
1458,-2.0055898877,0.0
1459,-0.88896416644,0.0
1460,-0.544124175,0.422
1461,-0.188633859708,0.0
1462,-0.657688936147,6.172
1463,-0.49868721532,0.801
1464,-0.7902755875,0.0
1465,-1.25900315301,1.044
1466,-1.75624628004,1.146
1467,-0.656403766667,2.763
1468,0.0648728161042,0.0
1469,-2.47522950897,0.0
1470,-0.5311688375,1.354
1471,-1.73420147775,0.863
1472,-1.373265775,0.0
1473,-2.17904631042,1.33
1474,-1.01328278784,1.166
1475,-1.728760236,3.455
1476,-0.66130261162,0.0
1477,-2.17501609,4.308
1478,-2.14760629737,3.803
1479,-2.05212546,0.0
1480,0.30354873976,2.677
1481,-0.304653005618,2.495
1482,-3.3873543641,1.972
1483,-0.2666726671,0.0
1484,-0.254961042,0.947
1485,-3.8992456594,4.468
1486,-0.302103269571,0.0
1487,-1.90802064992,2.167
1488,-2.0779472984,3.648
1489,-0.112746674768,0.0
1490,-0.339323608733,0.911
1491,-1.421977844,0.361
1492,-2.60564225469,1.16
1493,-3.03376989,1.983
1494,-1.59796833074,0.702
1495,-1.7619259,2.194
1496,-0.37178561283,0.0
1497,-0.112745983817,0.0
1498,-0.1132814711,1.273
1499,-0.2201370948,0.0
1500,-0.72046334539,0.0
1501,-0.35775387186,0.0
1502,-3.25968728624,3.496
1503,-2.4934360766,0.0
1504,-2.054938619,5.458
1505,-0.8939182875,0.0
